----------------------- POPUJAVAJE VRSTE--------------------------------
INSERT INTO vrsta(idVrsta,naziv) VALUES (1,'karoserija');
INSERT INTO vrsta(idVrsta,naziv) VALUES (2,'motor');
INSERT INTO vrsta(idVrsta,naziv) VALUES (3,'kvacilo');
INSERT INTO vrsta(idVrsta,naziv) VALUES (4,'zupcenje');
INSERT INTO vrsta(idVrsta,naziv) VALUES (5,'sistem za  paljenje');
INSERT INTO vrsta(idVrsta,naziv) VALUES (6,'sistem za hladjenje');
INSERT INTO vrsta(idVrsta,naziv) VALUES (7,'sistem za upravljaje');
INSERT INTO vrsta(idVrsta,naziv) VALUES (8,'sistem vesanja');
INSERT INTO vrsta(idVrsta,naziv) VALUES (9,'sistem kocenja');
INSERT INTO vrsta(idVrsta,naziv) VALUES (10,'elektrika');
INSERT INTO vrsta(idVrsta,naziv) VALUES (11,'dodatno');
INSERT INTO vrsta(idVrsta,naziv) VALUES (12,'sistem za gorivo');
INSERT INTO vrsta(idVrsta,naziv) VALUES (13,'filteri');


----------------------- POPUJAVAJE PODVRSTE--------------------------------
INSERT INTO podVrsta(idPodVrsta,naziv,idVrsta) VALUES (5,'MOTOR',11);
INSERT INTO podVrsta(idPodVrsta,naziv,idVrsta) VALUES (7,'TRAP',11);
INSERT INTO podVrsta(idPodVrsta,naziv,idVrsta) VALUES (2,'ELEKTRO',11);
INSERT INTO podVrsta(idPodVrsta,naziv,idVrsta) VALUES (33,'ratkapne',1);
INSERT INTO podVrsta(idPodVrsta,naziv,idVrsta) VALUES (126,'maglenka',1);
INSERT INTO podVrsta(idPodVrsta,naziv,idVrsta) VALUES (35,'znak',1);
INSERT INTO podVrsta(idPodVrsta,naziv,idVrsta) VALUES (114,'auspuh',1);
INSERT INTO podVrsta(idPodVrsta,naziv,idVrsta) VALUES (107,'cep rezervoara',1);
INSERT INTO podVrsta(idPodVrsta,naziv,idVrsta) VALUES (32,'retrovizor',1);
INSERT INTO podVrsta(idPodVrsta,naziv,idVrsta) VALUES (22,'stop lampa',1);
INSERT INTO podVrsta(idPodVrsta,naziv,idVrsta) VALUES (21,'far',1);
INSERT INTO podVrsta(idPodVrsta,naziv,idVrsta) VALUES (17,'brisaci',1);
INSERT INTO podVrsta(idPodVrsta,naziv,idVrsta) VALUES (14,'brava',1);
INSERT INTO podVrsta(idPodVrsta,naziv,idVrsta) VALUES (11,'migavac',1);
INSERT INTO podVrsta(idPodVrsta,naziv,idVrsta) VALUES (34,'rucica',1);
INSERT INTO podVrsta(idPodVrsta,naziv,idVrsta) VALUES (55,'karike',2);
INSERT INTO podVrsta(idPodVrsta,naziv,idVrsta) VALUES (71,'vodjice',2);
INSERT INTO podVrsta(idPodVrsta,naziv,idVrsta) VALUES (70,'ventili',2);
INSERT INTO podVrsta(idPodVrsta,naziv,idVrsta) VALUES (69,'ulje',2);
INSERT INTO podVrsta(idPodVrsta,naziv,idVrsta) VALUES (65,'semering radilice',2);
INSERT INTO podVrsta(idPodVrsta,naziv,idVrsta) VALUES (58,'lezeci lezajevi',2);
INSERT INTO podVrsta(idPodVrsta,naziv,idVrsta) VALUES (57,'leteci lezajevi',2);
INSERT INTO podVrsta(idPodVrsta,naziv,idVrsta) VALUES (56,'klip',2);
INSERT INTO podVrsta(idPodVrsta,naziv,idVrsta) VALUES (51,'hidro podizac',2);
INSERT INTO podVrsta(idPodVrsta,naziv,idVrsta) VALUES (50,'garnitura dihtunga',2);
INSERT INTO podVrsta(idPodVrsta,naziv,idVrsta) VALUES (44,'dihtung usisne grane',2);
INSERT INTO podVrsta(idPodVrsta,naziv,idVrsta) VALUES (43,'dihtung kartera',2);
INSERT INTO podVrsta(idPodVrsta,naziv,idVrsta) VALUES (42,'dihtung izduvne grane',2);
INSERT INTO podVrsta(idPodVrsta,naziv,idVrsta) VALUES (73,'caure',2);
INSERT INTO podVrsta(idPodVrsta,naziv,idVrsta) VALUES (40,'dihtung dekla',2);
INSERT INTO podVrsta(idPodVrsta,naziv,idVrsta) VALUES (66,'semering ventila',2);
INSERT INTO podVrsta(idPodVrsta,naziv,idVrsta) VALUES (39,'dihtung auspuha',2);
INSERT INTO podVrsta(idPodVrsta,naziv,idVrsta) VALUES (37,'aksijalni lezaj',2);
INSERT INTO podVrsta(idPodVrsta,naziv,idVrsta) VALUES (41,'dihtung glave',2);
INSERT INTO podVrsta(idPodVrsta,naziv,idVrsta) VALUES (94,'nosac motora',2);
INSERT INTO podVrsta(idPodVrsta,naziv,idVrsta) VALUES (108,'cep ulja',2);
INSERT INTO podVrsta(idPodVrsta,naziv,idVrsta) VALUES (93,'nosac menjaca',2);
INSERT INTO podVrsta(idPodVrsta,naziv,idVrsta) VALUES (101,'sajla kvacila',3);
INSERT INTO podVrsta(idPodVrsta,naziv,idVrsta) VALUES (67,'set kvacila',3);
INSERT INTO podVrsta(idPodVrsta,naziv,idVrsta) VALUES (74,'cilindar kvacila',3);
INSERT INTO podVrsta(idPodVrsta,naziv,idVrsta) VALUES (79,'druk lager',3);
INSERT INTO podVrsta(idPodVrsta,naziv,idVrsta) VALUES (87,'lamela',3);
INSERT INTO podVrsta(idPodVrsta,naziv,idVrsta) VALUES (54,'zupcasti kais',4);
INSERT INTO podVrsta(idPodVrsta,naziv,idVrsta) VALUES (124,'lanac',4);
INSERT INTO podVrsta(idPodVrsta,naziv,idVrsta) VALUES (68,'spaner',4);
INSERT INTO podVrsta(idPodVrsta,naziv,idVrsta) VALUES (59,'lezaj spanera',4);
INSERT INTO podVrsta(idPodVrsta,naziv,idVrsta) VALUES (53,'klinasti kais',4);
INSERT INTO podVrsta(idPodVrsta,naziv,idVrsta) VALUES (52,'kais',4);
INSERT INTO podVrsta(idPodVrsta,naziv,idVrsta) VALUES (64,'remenica',4);
INSERT INTO podVrsta(idPodVrsta,naziv,idVrsta) VALUES (23,'razvodna ruka I kapa',5);
INSERT INTO podVrsta(idPodVrsta,naziv,idVrsta) VALUES (25,'bobina',5);
INSERT INTO podVrsta(idPodVrsta,naziv,idVrsta) VALUES (19,'svecice',5);
INSERT INTO podVrsta(idPodVrsta,naziv,idVrsta) VALUES (36,'senzor radilice',5);
INSERT INTO podVrsta(idPodVrsta,naziv,idVrsta) VALUES (122,'kondenzator',5);
INSERT INTO podVrsta(idPodVrsta,naziv,idVrsta) VALUES (119,'komutator',5);
INSERT INTO podVrsta(idPodVrsta,naziv,idVrsta) VALUES (120,'platine',5);
INSERT INTO podVrsta(idPodVrsta,naziv,idVrsta) VALUES (121,'anlaser',5);
INSERT INTO podVrsta(idPodVrsta,naziv,idVrsta) VALUES (26,'bendiks',5);
INSERT INTO podVrsta(idPodVrsta,naziv,idVrsta) VALUES (29,'crevo hladnjaka',6);
INSERT INTO podVrsta(idPodVrsta,naziv,idVrsta) VALUES (113,'ventilator',6);
INSERT INTO podVrsta(idPodVrsta,naziv,idVrsta) VALUES (63,'pumpa za vodu',6);
INSERT INTO podVrsta(idPodVrsta,naziv,idVrsta) VALUES (28,'cep hladnjaka',6);
INSERT INTO podVrsta(idPodVrsta,naziv,idVrsta) VALUES (27,'hladnjak',6);
INSERT INTO podVrsta(idPodVrsta,naziv,idVrsta) VALUES (20,'termostat',6);
INSERT INTO podVrsta(idPodVrsta,naziv,idVrsta) VALUES (118,'ventil grejanja kabine',6);
INSERT INTO podVrsta(idPodVrsta,naziv,idVrsta) VALUES (30,'dodatno hladnjak',6);
INSERT INTO podVrsta(idPodVrsta,naziv,idVrsta) VALUES (31,'termoprekidaci',6);
INSERT INTO podVrsta(idPodVrsta,naziv,idVrsta) VALUES (88,'letva volana',7);
INSERT INTO podVrsta(idPodVrsta,naziv,idVrsta) VALUES (84,'kraj letve',7);
INSERT INTO podVrsta(idPodVrsta,naziv,idVrsta) VALUES (104,'spona',7);
INSERT INTO podVrsta(idPodVrsta,naziv,idVrsta) VALUES (89,'manzetne letve',7);
INSERT INTO podVrsta(idPodVrsta,naziv,idVrsta) VALUES (85,'kraj spone',7);
INSERT INTO podVrsta(idPodVrsta,naziv,idVrsta) VALUES (109,'guma amortizera',8);
INSERT INTO podVrsta(idPodVrsta,naziv,idVrsta) VALUES (110,'guma balans stangle',8);
INSERT INTO podVrsta(idPodVrsta,naziv,idVrsta) VALUES (106,'viljuska',8);
INSERT INTO podVrsta(idPodVrsta,naziv,idVrsta) VALUES (105,'stabilizator',8);
INSERT INTO podVrsta(idPodVrsta,naziv,idVrsta) VALUES (38,'biksna',8);
INSERT INTO podVrsta(idPodVrsta,naziv,idVrsta) VALUES (103,'silen blok',8);
INSERT INTO podVrsta(idPodVrsta,naziv,idVrsta) VALUES (92,'nosac amortizera',8);
INSERT INTO podVrsta(idPodVrsta,naziv,idVrsta) VALUES (86,'kugla',8);
INSERT INTO podVrsta(idPodVrsta,naziv,idVrsta) VALUES (82,'homo zglob',8);
INSERT INTO podVrsta(idPodVrsta,naziv,idVrsta) VALUES (80,'garnitura opruga',8);
INSERT INTO podVrsta(idPodVrsta,naziv,idVrsta) VALUES (72,'amortizeri',8);
INSERT INTO podVrsta(idPodVrsta,naziv,idVrsta) VALUES (95,'opruga amortizera',8);
INSERT INTO podVrsta(idPodVrsta,naziv,idVrsta) VALUES (61,'lezaj amortizera',8);
INSERT INTO podVrsta(idPodVrsta,naziv,idVrsta) VALUES (60,'lezaj tocka',8);
INSERT INTO podVrsta(idPodVrsta,naziv,idVrsta) VALUES (90,'manzetne mejaca',8);
INSERT INTO podVrsta(idPodVrsta,naziv,idVrsta) VALUES (91,'manzetne zgloba',8);
INSERT INTO podVrsta(idPodVrsta,naziv,idVrsta) VALUES (98,'rame',8);
INSERT INTO podVrsta(idPodVrsta,naziv,idVrsta) VALUES (102,'sajla rucne kocnice',9);
INSERT INTO podVrsta(idPodVrsta,naziv,idVrsta) VALUES (111,'gumice glavnog kocionog cil',9);
INSERT INTO podVrsta(idPodVrsta,naziv,idVrsta) VALUES (78,'dobos',9);
INSERT INTO podVrsta(idPodVrsta,naziv,idVrsta) VALUES (112,'gumice zadnjeg kocionog cil',9);
INSERT INTO podVrsta(idPodVrsta,naziv,idVrsta) VALUES (83,'kocioni cilindar',9);
INSERT INTO podVrsta(idPodVrsta,naziv,idVrsta) VALUES (77,'disk tocka',9);
INSERT INTO podVrsta(idPodVrsta,naziv,idVrsta) VALUES (97,'plocice',9);
INSERT INTO podVrsta(idPodVrsta,naziv,idVrsta) VALUES (96,'paknovi',9);
INSERT INTO podVrsta(idPodVrsta,naziv,idVrsta) VALUES (76,'crevo kocnice',9);
INSERT INTO podVrsta(idPodVrsta,naziv,idVrsta) VALUES (81,'glavni kocioni cilindar',9);
INSERT INTO podVrsta(idPodVrsta,naziv,idVrsta) VALUES (125,'vakum pumpa',9);
INSERT INTO podVrsta(idPodVrsta,naziv,idVrsta) VALUES (75,'cilindri',9);
INSERT INTO podVrsta(idPodVrsta,naziv,idVrsta) VALUES (18,'sijalice',10);
INSERT INTO podVrsta(idPodVrsta,naziv,idVrsta) VALUES (15,'grejaci',10);
INSERT INTO podVrsta(idPodVrsta,naziv,idVrsta) VALUES (12,'kablovi',10);
INSERT INTO podVrsta(idPodVrsta,naziv,idVrsta) VALUES (10,'senzor',10);
INSERT INTO podVrsta(idPodVrsta,naziv,idVrsta) VALUES (16,'prekidaci',10);
INSERT INTO podVrsta(idPodVrsta,naziv,idVrsta) VALUES (24,'radio',10);
INSERT INTO podVrsta(idPodVrsta,naziv,idVrsta) VALUES (123,'regulator',10);
INSERT INTO podVrsta(idPodVrsta,naziv,idVrsta) VALUES (116,'davac ulja',10);
INSERT INTO podVrsta(idPodVrsta,naziv,idVrsta) VALUES (115,'davac temperature',10);
INSERT INTO podVrsta(idPodVrsta,naziv,idVrsta) VALUES (117,'egr ventil',10);
INSERT INTO podVrsta(idPodVrsta,naziv,idVrsta) VALUES (100,'sajla km',12);
INSERT INTO podVrsta(idPodVrsta,naziv,idVrsta) VALUES (13,'ajnspric',12);
INSERT INTO podVrsta(idPodVrsta,naziv,idVrsta) VALUES (62,'pumpa  za gorivo',12);
INSERT INTO podVrsta(idPodVrsta,naziv,idVrsta) VALUES (99,'sajla gas',12);
INSERT INTO podVrsta(idPodVrsta,naziv,idVrsta) VALUES (45,'dizna',12);
INSERT INTO podVrsta(idPodVrsta,naziv,idVrsta) VALUES (48,'filter ulja',13);
INSERT INTO podVrsta(idPodVrsta,naziv,idVrsta) VALUES (47,'filter kabine',13);
INSERT INTO podVrsta(idPodVrsta,naziv,idVrsta) VALUES (49,'filter vazduha',13);
INSERT INTO podVrsta(idPodVrsta,naziv,idVrsta) VALUES (46,'filter goriva',13);


----------------------- POPUNJAVANJE MARKA ------------------------------
INSERT INTO marka(idMarka,naziv) VALUES (2,'BMW');
INSERT INTO marka(idMarka,naziv) VALUES (5,'FORD');
INSERT INTO marka(idMarka,naziv) VALUES (6,'FIAT');
INSERT INTO marka(idMarka,naziv) VALUES (9,'LADA');
INSERT INTO marka(idMarka,naziv) VALUES (10,'MERCEDES');
INSERT INTO marka(idMarka,naziv) VALUES (12,'OPEL');
INSERT INTO marka(idMarka,naziv) VALUES (13,'RAZNO');
INSERT INTO marka(idMarka,naziv) VALUES (14,'RENAULT');
INSERT INTO marka(idMarka,naziv) VALUES (17,'VOLKSWAGEN');
INSERT INTO marka(idMarka,naziv) VALUES (18,'ZASTAVA');



-----------------------  POPUJAVAJE PROIZVODJAC  -----------------------
INSERT INTO proizvodjac(idProizvodjac,naziv) VALUES (1,'ABS');
INSERT INTO proizvodjac(idProizvodjac,naziv) VALUES (2,'AE');
INSERT INTO proizvodjac(idProizvodjac,naziv) VALUES (3,'AIRTEX');
INSERT INTO proizvodjac(idProizvodjac,naziv) VALUES (4,'AKRON');
INSERT INTO proizvodjac(idProizvodjac,naziv) VALUES (5,'ALCO');
INSERT INTO proizvodjac(idProizvodjac,naziv) VALUES (6,'ALKO');
INSERT INTO proizvodjac(idProizvodjac,naziv) VALUES (7,'AP');
INSERT INTO proizvodjac(idProizvodjac,naziv) VALUES (8,'AUTIKA');
INSERT INTO proizvodjac(idProizvodjac,naziv) VALUES (9,'AUTOP');
INSERT INTO proizvodjac(idProizvodjac,naziv) VALUES (10,'AVA');
INSERT INTO proizvodjac(idProizvodjac,naziv) VALUES (11,'BATAL');
INSERT INTO proizvodjac(idProizvodjac,naziv) VALUES (12,'BEHR');
INSERT INTO proizvodjac(idProizvodjac,naziv) VALUES (13,'BIRT');
INSERT INTO proizvodjac(idProizvodjac,naziv) VALUES (14,'BOSCH');
INSERT INTO proizvodjac(idProizvodjac,naziv) VALUES (15,'BREDA');
INSERT INTO proizvodjac(idProizvodjac,naziv) VALUES (16,'CARGO');
INSERT INTO proizvodjac(idProizvodjac,naziv) VALUES (17,'CHAMPION');
INSERT INTO proizvodjac(idProizvodjac,naziv) VALUES (18,'CLIN');
INSERT INTO proizvodjac(idProizvodjac,naziv) VALUES (19,'COFAP');
INSERT INTO proizvodjac(idProizvodjac,naziv) VALUES (20,'CORAM');
INSERT INTO proizvodjac(idProizvodjac,naziv) VALUES (21,'CORTE');
INSERT INTO proizvodjac(idProizvodjac,naziv) VALUES (22,'CORTECO');
INSERT INTO proizvodjac(idProizvodjac,naziv) VALUES (23,'CS');
INSERT INTO proizvodjac(idProizvodjac,naziv) VALUES (24,'DAJKO');
INSERT INTO proizvodjac(idProizvodjac,naziv) VALUES (25,'DENSO');
INSERT INTO proizvodjac(idProizvodjac,naziv) VALUES (26,'DS');
INSERT INTO proizvodjac(idProizvodjac,naziv) VALUES (27,'EPS');
INSERT INTO proizvodjac(idProizvodjac,naziv) VALUES (28,'ERA');
INSERT INTO proizvodjac(idProizvodjac,naziv) VALUES (29,'EURO');
INSERT INTO proizvodjac(idProizvodjac,naziv) VALUES (30,'FACET');
INSERT INTO proizvodjac(idProizvodjac,naziv) VALUES (31,'FAI');
INSERT INTO proizvodjac(idProizvodjac,naziv) VALUES (32,'FEBI');
INSERT INTO proizvodjac(idProizvodjac,naziv) VALUES (33,'FEROD');
INSERT INTO proizvodjac(idProizvodjac,naziv) VALUES (34,'FERODO');
INSERT INTO proizvodjac(idProizvodjac,naziv) VALUES (35,'FIAT');
INSERT INTO proizvodjac(idProizvodjac,naziv) VALUES (36,'FIFT');
INSERT INTO proizvodjac(idProizvodjac,naziv) VALUES (37,'FLENOR');
INSERT INTO proizvodjac(idProizvodjac,naziv) VALUES (38,'GABRI');
INSERT INTO proizvodjac(idProizvodjac,naziv) VALUES (39,'GEC');
INSERT INTO proizvodjac(idProizvodjac,naziv) VALUES (40,'GLASE');
INSERT INTO proizvodjac(idProizvodjac,naziv) VALUES (41,'GLASER');
INSERT INTO proizvodjac(idProizvodjac,naziv) VALUES (42,'GLICO');
INSERT INTO proizvodjac(idProizvodjac,naziv) VALUES (43,'GLIKO');
INSERT INTO proizvodjac(idProizvodjac,naziv) VALUES (44,'HELA');
INSERT INTO proizvodjac(idProizvodjac,naziv) VALUES (45,'HENGS');
INSERT INTO proizvodjac(idProizvodjac,naziv) VALUES (46,'HENGST');
INSERT INTO proizvodjac(idProizvodjac,naziv) VALUES (47,'HEPU');
INSERT INTO proizvodjac(idProizvodjac,naziv) VALUES (48,'HOFER');
INSERT INTO proizvodjac(idProizvodjac,naziv) VALUES (49,'HP');
INSERT INTO proizvodjac(idProizvodjac,naziv) VALUES (50,'IKRA');
INSERT INTO proizvodjac(idProizvodjac,naziv) VALUES (51,'INA');
INSERT INTO proizvodjac(idProizvodjac,naziv) VALUES (52,'INTER');
INSERT INTO proizvodjac(idProizvodjac,naziv) VALUES (53,'JUNIO');
INSERT INTO proizvodjac(idProizvodjac,naziv) VALUES (54,'JUNIOR');
INSERT INTO proizvodjac(idProizvodjac,naziv) VALUES (55,'KING');
INSERT INTO proizvodjac(idProizvodjac,naziv) VALUES (56,'KS');
INSERT INTO proizvodjac(idProizvodjac,naziv) VALUES (57,'KWP');
INSERT INTO proizvodjac(idProizvodjac,naziv) VALUES (58,'LMI');
INSERT INTO proizvodjac(idProizvodjac,naziv) VALUES (59,'LPR');
INSERT INTO proizvodjac(idProizvodjac,naziv) VALUES (60,'LUK');
INSERT INTO proizvodjac(idProizvodjac,naziv) VALUES (61,'MAHLE');
INSERT INTO proizvodjac(idProizvodjac,naziv) VALUES (62,'MALO');
INSERT INTO proizvodjac(idProizvodjac,naziv) VALUES (63,'MAN');
INSERT INTO proizvodjac(idProizvodjac,naziv) VALUES (64,'MARKET');
INSERT INTO proizvodjac(idProizvodjac,naziv) VALUES (65,'MC');
INSERT INTO proizvodjac(idProizvodjac,naziv) VALUES (66,'MEKAR');
INSERT INTO proizvodjac(idProizvodjac,naziv) VALUES (67,'MEKARM');
INSERT INTO proizvodjac(idProizvodjac,naziv) VALUES (68,'MEKRA');
INSERT INTO proizvodjac(idProizvodjac,naziv) VALUES (69,'MELKIONI');
INSERT INTO proizvodjac(idProizvodjac,naziv) VALUES (70,'METDORIA');
INSERT INTO proizvodjac(idProizvodjac,naziv) VALUES (71,'METEL');
INSERT INTO proizvodjac(idProizvodjac,naziv) VALUES (72,'METELI');
INSERT INTO proizvodjac(idProizvodjac,naziv) VALUES (73,'METEOR');
INSERT INTO proizvodjac(idProizvodjac,naziv) VALUES (74,'MEYER');
INSERT INTO proizvodjac(idProizvodjac,naziv) VALUES (75,'MUG');
INSERT INTO proizvodjac(idProizvodjac,naziv) VALUES (76,'NISENS');
INSERT INTO proizvodjac(idProizvodjac,naziv) VALUES (77,'NOVA');
INSERT INTO proizvodjac(idProizvodjac,naziv) VALUES (78,'OCAP');
INSERT INTO proizvodjac(idProizvodjac,naziv) VALUES (79,'OMC');
INSERT INTO proizvodjac(idProizvodjac,naziv) VALUES (80,'OPTIMAL');
INSERT INTO proizvodjac(idProizvodjac,naziv) VALUES (81,'OSRAM');
INSERT INTO proizvodjac(idProizvodjac,naziv) VALUES (82,'PAJEN');
INSERT INTO proizvodjac(idProizvodjac,naziv) VALUES (83,'PAYEN');
INSERT INTO proizvodjac(idProizvodjac,naziv) VALUES (84,'PEIRBURG');
INSERT INTO proizvodjac(idProizvodjac,naziv) VALUES (85,'PIMAX');
INSERT INTO proizvodjac(idProizvodjac,naziv) VALUES (86,'PIRELI');
INSERT INTO proizvodjac(idProizvodjac,naziv) VALUES (87,'PM');
INSERT INTO proizvodjac(idProizvodjac,naziv) VALUES (88,'PP');
INSERT INTO proizvodjac(idProizvodjac,naziv) VALUES (89,'PTZ');
INSERT INTO proizvodjac(idProizvodjac,naziv) VALUES (90,'QH');
INSERT INTO proizvodjac(idProizvodjac,naziv) VALUES (91,'REMSA');
INSERT INTO proizvodjac(idProizvodjac,naziv) VALUES (92,'RIKAM');
INSERT INTO proizvodjac(idProizvodjac,naziv) VALUES (93,'RIKAMBI');
INSERT INTO proizvodjac(idProizvodjac,naziv) VALUES (94,'RUKCU');
INSERT INTO proizvodjac(idProizvodjac,naziv) VALUES (95,'RUVIL');
INSERT INTO proizvodjac(idProizvodjac,naziv) VALUES (96,'SAKAL');
INSERT INTO proizvodjac(idProizvodjac,naziv) VALUES (97,'SAMPI');
INSERT INTO proizvodjac(idProizvodjac,naziv) VALUES (98,'SANEL');
INSERT INTO proizvodjac(idProizvodjac,naziv) VALUES (99,'SHELL');
INSERT INTO proizvodjac(idProizvodjac,naziv) VALUES (100,'SIDEM');
INSERT INTO proizvodjac(idProizvodjac,naziv) VALUES (101,'SIL');
INSERT INTO proizvodjac(idProizvodjac,naziv) VALUES (102,'SIMER');
INSERT INTO proizvodjac(idProizvodjac,naziv) VALUES (103,'SIR');
INSERT INTO proizvodjac(idProizvodjac,naziv) VALUES (104,'SKF');
INSERT INTO proizvodjac(idProizvodjac,naziv) VALUES (105,'SNR');
INSERT INTO proizvodjac(idProizvodjac,naziv) VALUES (106,'SPIDA');
INSERT INTO proizvodjac(idProizvodjac,naziv) VALUES (107,'START');
INSERT INTO proizvodjac(idProizvodjac,naziv) VALUES (108,'SVAG');
INSERT INTO proizvodjac(idProizvodjac,naziv) VALUES (109,'TANAS');
INSERT INTO proizvodjac(idProizvodjac,naziv) VALUES (110,'TARABUSI');
INSERT INTO proizvodjac(idProizvodjac,naziv) VALUES (111,'TESH');
INSERT INTO proizvodjac(idProizvodjac,naziv) VALUES (112,'TRAKTEK');
INSERT INTO proizvodjac(idProizvodjac,naziv) VALUES (113,'TRASTING');
INSERT INTO proizvodjac(idProizvodjac,naziv) VALUES (114,'TROST');
INSERT INTO proizvodjac(idProizvodjac,naziv) VALUES (115,'TRUCKTEC');
INSERT INTO proizvodjac(idProizvodjac,naziv) VALUES (116,'VALEO');
INSERT INTO proizvodjac(idProizvodjac,naziv) VALUES (117,'VERNE');
INSERT INTO proizvodjac(idProizvodjac,naziv) VALUES (118,'VERNET');
INSERT INTO proizvodjac(idProizvodjac,naziv) VALUES (119,'VR');
INSERT INTO proizvodjac(idProizvodjac,naziv) VALUES (120,'VUDIM');

